{
	"id": "1.7.2-serverHD",
	"time": "2014-06-25T20:49:41-0400",
	"releaseTime": "1960-01-01T00:00:00-0700",
	"type": "release",
	"minecraftArguments": "--username ${auth_player_name} --version ${version_name} --gameDir ${game_directory} --assetsDir ${game_assets} --uuid ${auth_uuid} --accessToken ${auth_access_token} --tweakClass cpw.mods.fml.common.launcher.FMLTweaker",
	"libraries": [
		{
			"name": "net.minecraftforge:forge:1.7.2-10.12.2.1147",
			"url": "http://files.minecraftforge.net/maven/"
		},
		{
			"name": "net.minecraft:launchwrapper:1.9",
			"serverreq": true
		},
		{
			"name": "org.ow2.asm:asm-all:4.1",
			"serverreq": true
		},
		{
			"name": "org.scala-lang:scala-library:2.10.2",
			"url": "http://files.minecraftforge.net/maven/",
			"checksums": [
				"6ba65d12cd09d441083262d6f73d2257fec7c663",
				"65de4339eaed1c3675485fb03a3532fecfd8e8cd"
			],
			"comment": "Important for FML, we add this",
			"serverreq": true,
			"clientreq": true
		},
		{
			"name": "org.scala-lang:scala-compiler:2.10.2",
			"url": "http://files.minecraftforge.net/maven/",
			"checksums": [
				"64c8b1380cc53d6850823d6e4e7ae984aa44ef9c",
				"99fd0ffb66f3088b0cd1071315fd5eb2b2b070ff"
			],
			"comment": "Important for FML, we add this",
			"serverreq": true,
			"clientreq": true
		},
		{
			"name": "java3d:vecmath:1.3.1"
		},
		{
			"name": "net.sf.trove4j:trove4j:3.0.3"
		},
		{
			"name": "com.ibm.icu:icu4j-core-mojang:51.2"
		},
		{
			"name": "net.sf.jopt-simple:jopt-simple:4.5",
			"serverreq": true
		},
		{
			"name": "lzma:lzma:0.0.1",
			"serverreq": true
		},
		{
			"name": "com.paulscode:codecjorbis:20101023"
		},
		{
			"name": "com.paulscode:codecwav:20101023"
		},
		{
			"name": "com.paulscode:libraryjavasound:20101123"
		},
		{
			"name": "com.paulscode:librarylwjglopenal:20100824"
		},
		{
			"name": "com.paulscode:soundsystem:20120107"
		},
		{
			"name": "io.netty:netty-all:4.0.10.Final"
		},
		{
			"name": "com.google.guava:guava:15.0"
		},
		{
			"name": "org.apache.commons:commons-lang3:3.1"
		},
		{
			"name": "commons-io:commons-io:2.4"
		},
		{
			"name": "net.java.jinput:jinput:2.0.5"
		},
		{
			"name": "net.java.jutils:jutils:1.0.0"
		},
		{
			"name": "com.google.code.gson:gson:2.2.4"
		},
		{
			"name": "com.mojang:authlib:1.3"
		},
		{
			"name": "org.apache.logging.log4j:log4j-api:2.0-beta9"
		},
		{
			"name": "org.apache.logging.log4j:log4j-core:2.0-beta9"
		},
		{
			"name": "org.lwjgl.lwjgl:lwjgl:2.9.0",
			"rules": [
				{
					"action": "allow"
				},
				{
					"action": "disallow",
					"os": {
						"name": "osx"
					}
				}
			]
		},
		{
			"name": "org.lwjgl.lwjgl:lwjgl_util:2.9.0",
			"rules": [
				{
					"action": "allow"
				},
				{
					"action": "disallow",
					"os": {
						"name": "osx"
					}
				}
			]
		},
		{
			"name": "org.lwjgl.lwjgl:lwjgl-platform:2.9.0",
			"rules": [
				{
					"action": "allow"
				},
				{
					"action": "disallow",
					"os": {
						"name": "osx"
					}
				}
			],
			"natives": {
				"linux": "natives-linux",
				"windows": "natives-windows"
			},
			"extract": {
				"exclude": [
					"META-INF/"
				]
			}
		},
		{
			"name": "org.lwjgl.lwjgl:lwjgl:2.9.1-nightly-20131017",
			"rules": [
				{
					"action": "allow",
					"os": {
						"name": "osx"
					}
				}
			]
		},
		{
			"name": "org.lwjgl.lwjgl:lwjgl_util:2.9.1-nightly-20131017",
			"rules": [
				{
					"action": "allow",
					"os": {
						"name": "osx"
					}
				}
			]
		},
		{
			"name": "org.lwjgl.lwjgl:lwjgl-platform:2.9.1-nightly-20131017",
			"rules": [
				{
					"action": "allow",
					"os": {
						"name": "osx"
					}
				}
			],
			"natives": {
				"osx": "natives-osx"
			},
			"extract": {
				"exclude": [
					"META-INF/"
				]
			}
		},
		{
			"name": "net.java.jinput:jinput-platform:2.0.5",
			"natives": {
				"linux": "natives-linux",
				"windows": "natives-windows",
				"osx": "natives-osx"
			},
			"extract": {
				"exclude": [
					"META-INF/"
				]
			}
		}
	],
	"mainClass": "net.minecraft.launchwrapper.Launch",
	"minimumLauncherVersion": 9
}